"objtype","subtype","name","parent","script","scriptparams","pos_x","pos_y","pos_z","orient_x","orient_y","orient_z","orient_w","vel_x","vel_y","vel_z","rot_axis_x","rot_axis_y","rot_axis_z","rot_speed","scale_x","scale_y","scale_z","hull_x","hull_y","hull_z","density","friction","bounce","colMask","colMsg","meshURI","diffuse_x","diffuse_y","diffuse_z","ambient","specular_x","specular_y","specular_z","shadowpower","range","constantfall","linearfall","quadfall","cone_in","cone_out","power","cone_fall","shadow"
"camera",,,,,,-417.17,4.95,-161.94,9.07,-164.35,-0.05,,0,0,0,1,0,0,0,,,,,,,,,,,,,,,,,,,,,,,,,,,,,
"light","directional",,,,,-1.86,0,3.32,0,0,0,,0,0,0,1,0,0,0,,,,,,,,,,,,,0.2,0.2,0.2,0.92,0.99,0.97,0.9,0.04,200000,0.4,0,0,30,40,0.9,1,1
"mesh","graphiconly","In_C_Polygons_01_Original_Keep",,,,0,0,-52.04,0,0,0,,0,0,0,1,0,0,0,1,1,1,0,0,0,0,0,0,0,0,"meru:///In_C_Polygons_01_Original_Keep.mesh",,,,,,,,,,,,,,,,,
"mesh","graphiconly","Line01",,,,-725.12,-24.7,117.66,0,0,0,,0,0,0,1,0,0,0,1,1,1,0,0,0,0,0,0,0,0,"meru:///Line01.mesh",,,,,,,,,,,,,,,,,
"mesh","graphiconly","Loft04",,,,-5.16,61.52,-166.02,0,0,0,,0,0,0,1,0,0,0,1,1,1,0,0,0,0,0,0,0,0,"meru:///Loft04.mesh",,,,,,,,,,,,,,,,,
"mesh","graphiconly","Pedestal_Sculpt_Out_Big_02",,,,0.44,139.22,-57.55,0,0,0,,0,0,0,1,0,0,0,1,1,1,0,0,0,0,0,0,0,0,"meru:///Pedestal_Sculpt_Out_Big_02.mesh",,,,,,,,,,,,,,,,,
"mesh","graphiconly","Pedestal_Sculpt_Out_Med_02",,,,0,195.05,-69.02,0,0,0,,0,0,0,1,0,0,0,1,1,1,0,0,0,0,0,0,0,0,"meru:///Pedestal_Sculpt_Out_Med_02.mesh",,,,,,,,,,,,,,,,,
"mesh","graphiconly","Pedestal_Sculpt_Out_Med_04",,,,0,47.82,-27.64,0,0,0,,0,0,0,1,0,0,0,1,1,1,0,0,0,0,0,0,0,0,"meru:///Pedestal_Sculpt_Out_Med_04.mesh",,,,,,,,,,,,,,,,,
"mesh","graphiconly","Pedestal_Sculpt_Out_Med_05",,,,0,54.67,-110.08,0,0,0,,0,0,0,1,0,0,0,1,1,1,0,0,0,0,0,0,0,0,"meru:///Pedestal_Sculpt_Out_Med_05.mesh",,,,,,,,,,,,,,,,,
"mesh","graphiconly","Pedestal_Sculpt_Out_Smallest_04",,,,0,139.29,-69.02,0,0,0,,0,0,0,1,0,0,0,1,1,1,0,0,0,0,0,0,0,0,"meru:///Pedestal_Sculpt_Out_Smallest_04.mesh",,,,,,,,,,,,,,,,,
"mesh","graphiconly","Pedestal_Sculpt_Out_TallSkinny_02",,,,10.52,53.67,-37.78,0,0,0,,0,0,0,1,0,0,0,1,1,1,0,0,0,0,0,0,0,0,"meru:///Pedestal_Sculpt_Out_TallSkinny_02.mesh",,,,,,,,,,,,,,,,,
"mesh","graphiconly","Pedestal_Sculpt_Out_TallSkinny_03",,,,-10.29,53.67,-37.78,0,0,0,,0,0,0,1,0,0,0,1,1,1,0,0,0,0,0,0,0,0,"meru:///Pedestal_Sculpt_Out_TallSkinny_03.mesh",,,,,,,,,,,,,,,,,
"mesh","graphiconly","Pedestal_Sculpt_Out_TallSkinny_07",,,,0,75.49,-69.02,0,0,0,,0,0,0,1,0,0,0,1,1,1,0,0,0,0,0,0,0,0,"meru:///Pedestal_Sculpt_Out_TallSkinny_07.mesh",,,,,,,,,,,,,,,,,
"mesh","graphiconly","Surreal_Tree_01_01",,,,-710.27,-20.98,-228.05,0,0,0,,0,0,0,1,0,0,0,1,1,1,0,0,0,0,0,0,0,0,"meru:///Surreal_Tree_01_01.mesh",,,,,,,,,,,,,,,,,
"mesh","graphiconly","Surreal_Tree_01_OrigDontChange",,,,-648.35,-20.98,-190.08,0,0,0,,0,0,0,1,0,0,0,1,1,1,0,0,0,0,0,0,0,0,"meru:///Surreal_Tree_01_OrigDontChange.mesh",,,,,,,,,,,,,,,,,
"mesh","graphiconly","Surreal_Tree_03",,,,-1041.14,0,13.69,0,0,0,,0,0,0,1,0,0,0,1,1,1,0,0,0,0,0,0,0,0,"meru:///Surreal_Tree_03.mesh",,,,,,,,,,,,,,,,,
"mesh","graphiconly","Surreal_Tree_03_01",,,,6.85,247.17,-56.42,0,0,0,,0,0,0,1,0,0,0,1,1,1,0,0,0,0,0,0,0,0,"meru:///Surreal_Tree_03_01.mesh",,,,,,,,,,,,,,,,,
"mesh","graphiconly","Surreal_Tree_03_02",,,,-40.45,59.65,-28.65,0,0,0,,0,0,0,1,0,0,0,1,1,1,0,0,0,0,0,0,0,0,"meru:///Surreal_Tree_03_02.mesh",,,,,,,,,,,,,,,,,
"mesh","graphiconly","Surreal_Tree_03_03",,,,-537.65,-19.65,-395.27,0,0,0,,0,0,0,1,0,0,0,1,1,1,0,0,0,0,0,0,0,0,"meru:///Surreal_Tree_03_03.mesh",,,,,,,,,,,,,,,,,
"mesh","graphiconly","Surreal_Tree_03_04",,,,-596.28,-24.69,-400.09,0,0,0,,0,0,0,1,0,0,0,1,1,1,0,0,0,0,0,0,0,0,"meru:///Surreal_Tree_03_04.mesh",,,,,,,,,,,,,,,,,
"mesh","graphiconly","Surreal_Tree_03_05",,,,-568.47,-15.82,-398.76,0,0,0,,0,0,0,1,0,0,0,1,1,1,0,0,0,0,0,0,0,0,"meru:///Surreal_Tree_03_05.mesh",,,,,,,,,,,,,,,,,
"mesh","graphiconly","Surreal_Tree_03_06",,,,0.92,249.33,-69.1,0,0,0,,0,0,0,1,0,0,0,1,1,1,0,0,0,0,0,0,0,0,"meru:///Surreal_Tree_03_06.mesh",,,,,,,,,,,,,,,,,
"mesh","graphiconly","Surreal_Tree_03_07",,,,-713.28,-9.64,-411.83,0,0,0,,0,0,0,1,0,0,0,1,1,1,0,0,0,0,0,0,0,0,"meru:///Surreal_Tree_03_07.mesh",,,,,,,,,,,,,,,,,
"mesh","graphiconly","Surreal_Tree_03_08",,,,825.73,214.91,277,0,0,0,,0,0,0,1,0,0,0,1,1,1,0,0,0,0,0,0,0,0,"meru:///Surreal_Tree_03_08.mesh",,,,,,,,,,,,,,,,,
"mesh","graphiconly","Surreal_Tree_03_09",,,,829.39,218.66,263.85,0,0,0,,0,0,0,1,0,0,0,1,1,1,0,0,0,0,0,0,0,0,"meru:///Surreal_Tree_03_09.mesh",,,,,,,,,,,,,,,,,
"mesh","graphiconly","Surreal_Tree_03_10",,,,-367.92,16.2,233.18,0,0,0,,0,0,0,1,0,0,0,1,1,1,0,0,0,0,0,0,0,0,"meru:///Surreal_Tree_03_10.mesh",,,,,,,,,,,,,,,,,
"mesh","graphiconly","Surreal_Tree_03_11",,,,-357.19,14.04,242.16,0,0,0,,0,0,0,1,0,0,0,1,1,1,0,0,0,0,0,0,0,0,"meru:///Surreal_Tree_03_11.mesh",,,,,,,,,,,,,,,,,
"mesh","graphiconly","Surreal_Tree_03_12",,,,-12.6,-25.19,-153.9,0,0,0,,0,0,0,1,0,0,0,1,1,1,0,0,0,0,0,0,0,0,"meru:///Surreal_Tree_03_12.mesh",,,,,,,,,,,,,,,,,
"mesh","graphiconly","Surreal_Tree_03_13",,,,-23.31,-17.17,-149.29,0,0,0,,0,0,0,1,0,0,0,1,1,1,0,0,0,0,0,0,0,0,"meru:///Surreal_Tree_03_13.mesh",,,,,,,,,,,,,,,,,
"mesh","graphiconly","Surreal_Tree_03_loft_01",,,,-814.08,23.95,-419.82,0,0,0,,0,0,0,1,0,0,0,1,1,1,0,0,0,0,0,0,0,0,"meru:///Surreal_Tree_03_loft_01.mesh",,,,,,,,,,,,,,,,,
"mesh","graphiconly","building_top_01",,,,0,139.1,-69.02,0,0,0,,0,0,0,1,0,0,0,1,1,1,0,0,0,0,0,0,0,0,"meru:///building_top_01.mesh",,,,,,,,,,,,,,,,,
"mesh","graphiconly","granite_block_base_01",,,,0,53.54,-69.02,0,0,0,,0,0,0,1,0,0,0,1,1,1,0,0,0,0,0,0,0,0,"meru:///granite_block_base_01.mesh",,,,,,,,,,,,,,,,,
"mesh","graphiconly","granite_block_base_03",,,,532.9,35.07,-364.05,0,0,0,,0,0,0,1,0,0,0,1,1,1,0,0,0,0,0,0,0,0,"meru:///granite_block_base_03.mesh",,,,,,,,,,,,,,,,,
"mesh","graphiconly","granite_block_base_small_01",,,,0,76.27,-69.02,0,0,0,,0,0,0,1,0,0,0,1,1,1,0,0,0,0,0,0,0,0,"meru:///granite_block_base_small_01.mesh",,,,,,,,,,,,,,,,,
"mesh","graphiconly","granite_block_base_small_02",,,,0,107.76,-69.02,0,0,0,,0,0,0,1,0,0,0,1,1,1,0,0,0,0,0,0,0,0,"meru:///granite_block_base_small_02.mesh",,,,,,,,,,,,,,,,,
"mesh","graphiconly","granite_block_base_small_03",,,,0,107.76,-69.02,0,0,0,,0,0,0,1,0,0,0,1,1,1,0,0,0,0,0,0,0,0,"meru:///granite_block_base_small_03.mesh",,,,,,,,,,,,,,,,,
"mesh","graphiconly","in_c_path_1_cell_01",,,,-415.61,5.19,-157.1,0,0,0,,0,0,0,1,0,0,0,1,1,1,0,0,0,0,0,0,0,0,"meru:///in_c_path_1_cell_01.mesh",,,,,,,,,,,,,,,,,
"mesh","graphiconly","in_c_path_1_cell_02",,,,-410.9,3.62,-144.42,0,0,0,,0,0,0,1,0,0,0,1,1,1,0,0,0,0,0,0,0,0,"meru:///in_c_path_1_cell_02.mesh",,,,,,,,,,,,,,,,,
"mesh","graphiconly","in_c_path_1_cell_03",,,,-406.88,1.23,-132.58,0,0,0,,0,0,0,1,0,0,0,1,1,1,0,0,0,0,0,0,0,0,"meru:///in_c_path_1_cell_03.mesh",,,,,,,,,,,,,,,,,
"mesh","graphiconly","in_c_path_1_cell_04",,,,-403.61,-0.63,-119.9,0,0,0,,0,0,0,1,0,0,0,1,1,1,0,0,0,0,0,0,0,0,"meru:///in_c_path_1_cell_04.mesh",,,,,,,,,,,,,,,,,
"mesh","graphiconly","in_c_path_1_cell_05",,,,-401.17,-0.99,-106.4,0,0,0,,0,0,0,1,0,0,0,1,1,1,0,0,0,0,0,0,0,0,"meru:///in_c_path_1_cell_05.mesh",,,,,,,,,,,,,,,,,
"mesh","graphiconly","in_c_path_1_cell_06",,,,-398.47,3.26,-86.05,0,0,0,,0,0,0,1,0,0,0,1,1,1,3.24E+021,4.63E+027,2.79E+029,0,0,0,0,0,"meru:///in_c_path_1_cell_06.mesh",,,,,,,,,,,,,,,,,
"mesh","graphiconly","in_c_path_1_cell_07",,,,-392.79,13.89,-53.27,0,0,0,,0,0,0,1,0,0,0,1,1,1,0,0,0,0,0,0,0,0,"meru:///in_c_path_1_cell_07.mesh",,,,,,,,,,,,,,,,,
"mesh","graphiconly","in_c_path_1_cell_08",,,,-381.51,24.1,-18.41,0,0,0,,0,0,0,1,0,0,0,1,1,1,0,0,0,0,0,0,0,0,"meru:///in_c_path_1_cell_08.mesh",,,,,,,,,,,,,,,,,
"mesh","graphiconly","in_c_path_1_cell_09",,,,-367.01,29.34,6.77,0,0,0,,0,0,0,1,0,0,0,1,1,1,0,0,0,0,0,0,0,0,"meru:///in_c_path_1_cell_09.mesh",,,,,,,,,,,,,,,,,
"mesh","graphiconly","in_c_path_1_cell_10",,,,-355.05,31,20.98,0,0,0,,0,0,0,1,0,0,0,1,1,1,0,0,0,0,0,0,0,0,"meru:///in_c_path_1_cell_10.mesh",,,,,,,,,,,,,,,,,
"mesh","graphiconly","in_c_path_1_cell_11",,,,-344,30.74,31.32,0,0,0,,0,0,0,1,0,0,0,1,1,1,0,0,0,0,0,0,0,0,"meru:///in_c_path_1_cell_11.mesh",,,,,,,,,,,,,,,,,
"mesh","graphiconly","in_c_path_1_cell_12",,,,-330.27,29.28,42.37,0,0,0,,0,0,0,1,0,0,0,1,1,1,0,0,0,0,0,0,0,0,"meru:///in_c_path_1_cell_12.mesh",,,,,,,,,,,,,,,,,
"mesh","graphiconly","in_c_path_1_cell_13",,,,-312.58,26.83,54.5,0,0,0,,0,0,0,1,0,0,0,1,1,1,0,0,0,0,0,0,0,0,"meru:///in_c_path_1_cell_13.mesh",,,,,,,,,,,,,,,,,
"mesh","graphiconly","in_c_path_1_cell_14",,,,-290.24,25.8,68.26,0,0,0,,0,0,0,1,0,0,0,1,1,1,0,0,0,0,0,0,0,0,"meru:///in_c_path_1_cell_14.mesh",,,,,,,,,,,,,,,,,
"mesh","graphiconly","in_c_path_1_cell_15",,,,-272.02,27.56,82.59,0,0,0,,0,0,0,1,0,0,0,1,1,1,0,0,0,0,0,0,0,0,"meru:///in_c_path_1_cell_15.mesh",,,,,,,,,,,,,,,,,
"mesh","graphiconly","in_c_path_1_cell_16",,,,-261.28,30.43,94.98,0,0,0,,0,0,0,1,0,0,0,1,1,1,0,0,0,0,0,0,0,0,"meru:///in_c_path_1_cell_16.mesh",,,,,,,,,,,,,,,,,
"mesh","graphiconly","in_c_path_1_cell_17",,,,-251.56,33.36,106.89,0,0,0,,0,0,0,1,0,0,0,1,1,1,0,0,0,0,0,0,0,0,"meru:///in_c_path_1_cell_17.mesh",,,,,,,,,,,,,,,,,
"mesh","graphiconly","in_c_path_1_cell_18",,,,-238.9,36.05,119.31,0,0,0,,0,0,0,1,0,0,0,1,1,1,0,0,0,0,0,0,0,0,"meru:///in_c_path_1_cell_18.mesh",,,,,,,,,,,,,,,,,
"mesh","graphiconly","in_c_path_1_cell_19",,,,-224.81,38.77,128.75,0,0,0,,0,0,0,1,0,0,0,1,1,1,0,0,0,0,0,0,0,0,"meru:///in_c_path_1_cell_19.mesh",,,,,,,,,,,,,,,,,
"mesh","graphiconly","in_c_path_1_cell_20",,,,-205.49,40.84,135.1,0,0,0,,0,0,0,1,0,0,0,1,1,1,0,0,0,0,0,0,0,0,"meru:///in_c_path_1_cell_20.mesh",,,,,,,,,,,,,,,,,
"mesh","graphiconly","in_c_path_1_cell_21",,,,-183.05,41.23,138.78,0,0,0,,0,0,0,1,0,0,0,1,1,1,0,0,0,0,0,0,0,0,"meru:///in_c_path_1_cell_21.mesh",,,,,,,,,,,,,,,,,
"mesh","graphiconly","in_c_path_1_cell_22",,,,-157.57,40.24,141.29,0,0,0,,0,0,0,1,0,0,0,1,1,1,0,0,0,0,0,0,0,0,"meru:///in_c_path_1_cell_22.mesh",,,,,,,,,,,,,,,,,
"mesh","graphiconly","in_c_path_1_cell_23",,,,-123.57,41.79,143.13,0,0,0,,0,0,0,1,0,0,0,1,1,1,0,0,0,0,0,0,0,0,"meru:///in_c_path_1_cell_23.mesh",,,,,,,,,,,,,,,,,
"mesh","graphiconly","in_c_path_1_cell_24",,,,-89.65,52.87,145.9,0,0,0,,0,0,0,1,0,0,0,1,1,1,0,0,0,0,0,0,0,0,"meru:///in_c_path_1_cell_24.mesh",,,,,,,,,,,,,,,,,
"mesh","graphiconly","in_c_path_1_cell_25",,,,-59.73,71.29,153.3,0,0,0,,0,0,0,1,0,0,0,1,1,1,0,0,0,0,0,0,0,0,"meru:///in_c_path_1_cell_25.mesh",,,,,,,,,,,,,,,,,
"mesh","graphiconly","in_c_path_1_cell_26",,,,-33.28,88.61,164.9,0,0,0,,0,0,0,1,0,0,0,1,1,1,0,0,0,0,0,0,0,0,"meru:///in_c_path_1_cell_26.mesh",,,,,,,,,,,,,,,,,
"mesh","graphiconly","in_c_path_1_cell_27",,,,-7.4,100.52,174.81,0,0,0,,0,0,0,1,0,0,0,1,1,1,0,0,0,0,0,0,0,0,"meru:///in_c_path_1_cell_27.mesh",,,,,,,,,,,,,,,,,
"mesh","graphiconly","in_c_path_1_cell_28",,,,17.65,105.29,178.74,0,0,0,,0,0,0,1,0,0,0,1,1,1,0,0,0,0,0,0,0,0,"meru:///in_c_path_1_cell_28.mesh",,,,,,,,,,,,,,,,,
"mesh","graphiconly","in_c_path_1_cell_29",,,,37.55,100.68,180.38,0,0,0,,0,0,0,1,0,0,0,1,1,1,0,0,0,0,0,0,0,0,"meru:///in_c_path_1_cell_29.mesh",,,,,,,,,,,,,,,,,
"mesh","graphiconly","in_c_path_1_cell_30",,,,52.54,88.51,181.95,0,0,0,,0,0,0,1,0,0,0,1,1,1,0,0,0,0,0,0,0,0,"meru:///in_c_path_1_cell_30.mesh",,,,,,,,,,,,,,,,,
"mesh","graphiconly","in_c_path_1_cell_31",,,,69.4,81.62,183.19,0,0,0,,0,0,0,1,0,0,0,1,1,1,0,0,0,0,0,0,0,0,"meru:///in_c_path_1_cell_31.mesh",,,,,,,,,,,,,,,,,
"mesh","graphiconly","in_c_path_1_cell_32",,,,92.15,77.11,185.15,0,0,0,,0,0,0,1,0,0,0,1,1,1,0,0,0,0,0,0,0,0,"meru:///in_c_path_1_cell_32.mesh",,,,,,,,,,,,,,,,,
"mesh","graphiconly","in_c_path_1_cell_33",,,,113.71,73.31,187.22,0,0,0,,0,0,0,1,0,0,0,1,1,1,0,0,0,0,0,0,0,0,"meru:///in_c_path_1_cell_33.mesh",,,,,,,,,,,,,,,,,
"mesh","graphiconly","in_c_path_1_cell_34",,,,127.43,71.23,188.44,0,0,0,,0,0,0,1,0,0,0,1,1,1,0,0,0,0,0,0,0,0,"meru:///in_c_path_1_cell_34.mesh",,,,,,,,,,,,,,,,,
"mesh","graphiconly","in_c_path_1_cell_35",,,,189.3,63.85,182.46,0,0,0,,0,0,0,1,0,0,0,1,1,1,0,0,0,0,0,0,0,0,"meru:///in_c_path_1_cell_35.mesh",,,,,,,,,,,,,,,,,
"mesh","graphiconly","in_c_path_1_cell_36",,,,251.63,60.15,174.19,0,0,0,,0,0,0,1,0,0,0,1,1,1,0,0,0,0,0,0,0,0,"meru:///in_c_path_1_cell_36.mesh",,,,,,,,,,,,,,,,,
"mesh","graphiconly","in_c_path_1_cell_37",,,,264.01,65.79,170.9,0,0,0,,0,0,0,1,0,0,0,1,1,1,0,0,0,0,0,0,0,0,"meru:///in_c_path_1_cell_37.mesh",,,,,,,,,,,,,,,,,
"mesh","graphiconly","in_c_path_1_cell_38",,,,275.67,70.71,167.31,0,0,0,,0,0,0,1,0,0,0,1,1,1,0,0,0,0,0,0,0,0,"meru:///in_c_path_1_cell_38.mesh",,,,,,,,,,,,,,,,,
"mesh","graphiconly","in_c_path_1_cell_39",,,,290.29,75.92,161.95,0,0,0,,0,0,0,1,0,0,0,1,1,1,0,0,0,0,0,0,0,0,"meru:///in_c_path_1_cell_39.mesh",,,,,,,,,,,,,,,,,
"mesh","graphiconly","in_c_path_1_cell_40",,,,304.33,79.52,156,0,0,0,,0,0,0,1,0,0,0,1,1,1,0,0,0,0,0,0,0,0,"meru:///in_c_path_1_cell_40.mesh",,,,,,,,,,,,,,,,,
"mesh","graphiconly","in_c_path_1_cell_41",,,,315.52,81.01,150.59,0,0,0,,0,0,0,1,0,0,0,1,1,1,0,0,0,0,0,0,0,0,"meru:///in_c_path_1_cell_41.mesh",,,,,,,,,,,,,,,,,
"mesh","graphiconly","in_c_path_1_cell_42",,,,337.31,79.65,137.64,0,0,0,,0,0,0,1,0,0,0,1,1,1,0,0,0,0,0,0,0,0,"meru:///in_c_path_1_cell_42.mesh",,,,,,,,,,,,,,,,,
"mesh","graphiconly","in_c_path_1_cell_43",,,,363.41,74.49,120.25,0,0,0,,0,0,0,1,0,0,0,1,1,1,0,0,0,0,0,0,0,0,"meru:///in_c_path_1_cell_43.mesh",,,,,,,,,,,,,,,,,
"mesh","graphiconly","in_c_path_1_cell_44",,,,382.47,66.86,108.08,0,0,0,,0,0,0,1,0,0,0,1,1,1,0,0,0,0,0,0,0,0,"meru:///in_c_path_1_cell_44.mesh",,,,,,,,,,,,,,,,,
"mesh","graphiconly","in_c_path_1_cell_45",,,,397.98,58.95,98.46,0,0,0,,0,0,0,1,0,0,0,1,1,1,0,0,0,0,0,0,0,0,"meru:///in_c_path_1_cell_45.mesh",,,,,,,,,,,,,,,,,
"mesh","graphiconly","in_c_path_1_cell_46",,,,421.24,51.28,80.54,0,0,0,,0,0,0,1,0,0,0,1,1,1,0,0,0,0,0,0,0,0,"meru:///in_c_path_1_cell_46.mesh",,,,,,,,,,,,,,,,,
"mesh","graphiconly","in_c_path_1_cell_47",,,,442.39,46.27,60.98,0,0,0,,0,0,0,1,0,0,0,1,1,1,0,0,0,0,0,0,0,0,"meru:///in_c_path_1_cell_47.mesh",,,,,,,,,,,,,,,,,
"mesh","graphiconly","in_c_path_1_cell_48",,,,454.77,42.86,40.68,0,0,0,,0,0,0,1,0,0,0,1,1,1,0,0,0,0,0,0,0,0,"meru:///in_c_path_1_cell_48.mesh",,,,,,,,,,,,,,,,,
"mesh","graphiconly","in_c_path_1_cell_49",,,,465.03,38.67,17.16,0,0,0,,0,0,0,1,0,0,0,1,1,1,0,0,0,0,0,0,0,0,"meru:///in_c_path_1_cell_49.mesh",,,,,,,,,,,,,,,,,
"mesh","graphiconly","in_c_path_1_cell_50",,,,469.19,36.25,2.36,0,0,0,,0,0,0,1,0,0,0,1,1,1,0,0,0,0,0,0,0,0,"meru:///in_c_path_1_cell_50.mesh",,,,,,,,,,,,,,,,,
"mesh","graphiconly","in_c_path_1_cell_51",,,,472.16,34.83,-10.42,0,0,0,,0,0,0,1,0,0,0,1,1,1,0,0,0,0,0,0,0,0,"meru:///in_c_path_1_cell_51.mesh",,,,,,,,,,,,,,,,,
"mesh","graphiconly","in_c_path_1_cell_52",,,,475.01,34.32,-23.56,0,0,0,,0,0,0,1,0,0,0,1,1,1,0,0,0,0,0,0,0,0,"meru:///in_c_path_1_cell_52.mesh",,,,,,,,,,,,,,,,,
"mesh","graphiconly","in_c_path_1_cell_53",,,,498.08,32.81,-89.65,0,0,0,,0,0,0,1,0,0,0,1,1,1,0,0,0,0,0,0,0,0,"meru:///in_c_path_1_cell_53.mesh",,,,,,,,,,,,,,,,,
"#mesh","graphiconly","in_c_path_1_phy",,,,0,0,0,0,0,0,,0,0,0,1,0,0,0,1,1,1,0,0,0,0,0,0,0,0,"meru:///in_c_path_1_phy.mesh",,,,,,,,,,,,,,,,,
"mesh","graphiconly","in_c_path_2_cell_01",,,,-440.08,6.63,-151.67,0,0,0,,0,0,0,1,0,0,0,1,1,1,0,0,0,0,0,0,0,0,"meru:///in_c_path_2_cell_01.mesh",,,,,,,,,,,,,,,,,
"mesh","graphiconly","in_c_path_2_cell_02",,,,-437.45,6.6,-138.25,0,0,0,,0,0,0,1,0,0,0,1,1,1,0,0,0,0,0,0,0,0,"meru:///in_c_path_2_cell_02.mesh",,,,,,,,,,,,,,,,,
"mesh","graphiconly","in_c_path_2_cell_03",,,,-434.9,6.92,-125.28,0,0,0,,0,0,0,1,0,0,0,1,1,1,0,0,0,0,0,0,0,0,"meru:///in_c_path_2_cell_03.mesh",,,,,,,,,,,,,,,,,
"mesh","graphiconly","in_c_path_2_cell_04",,,,-432.11,8.29,-111.38,0,0,0,,0,0,0,1,0,0,0,1,1,1,0,0,0,0,0,0,0,0,"meru:///in_c_path_2_cell_04.mesh",,,,,,,,,,,,,,,,,
"mesh","graphiconly","in_c_path_2_cell_05",,,,-429.14,10.78,-97.18,0,0,0,,0,0,0,1,0,0,0,1,1,1,0,0,0,0,0,0,0,0,"meru:///in_c_path_2_cell_05.mesh",,,,,,,,,,,,,,,,,
"mesh","graphiconly","in_c_path_2_cell_06",,,,-424.24,16.31,-75.82,0,0,0,,0,0,0,1,0,0,0,1,1,1,0,0,0,0,0,0,0,0,"meru:///in_c_path_2_cell_06.mesh",,,,,,,,,,,,,,,,,
"mesh","graphiconly","in_c_path_2_cell_07",,,,-415.13,26.45,-42.33,0,0,0,,0,0,0,1,0,0,0,1,1,1,0,0,0,0,0,0,0,0,"meru:///in_c_path_2_cell_07.mesh",,,,,,,,,,,,,,,,,
"mesh","graphiconly","in_c_path_2_cell_08",,,,-402.16,36.75,-6.08,0,0,0,,0,0,0,1,0,0,0,1,1,1,0,0,0,0,0,0,0,0,"meru:///in_c_path_2_cell_08.mesh",,,,,,,,,,,,,,,,,
"mesh","graphiconly","in_c_path_2_cell_09",,,,-388.65,42.72,21.91,0,0,0,,0,0,0,1,0,0,0,1,1,1,0,0,0,0,0,0,0,0,"meru:///in_c_path_2_cell_09.mesh",,,,,,,,,,,,,,,,,
"mesh","graphiconly","in_c_path_2_cell_10",,,,-378.45,44.88,38.85,0,0,0,,0,0,0,1,0,0,0,1,1,1,0,0,0,0,0,0,0,0,"meru:///in_c_path_2_cell_10.mesh",,,,,,,,,,,,,,,,,
"mesh","graphiconly","in_c_path_2_cell_11",,,,-368.9,45.27,51.21,0,0,0,,0,0,0,1,0,0,0,1,1,1,0,0,0,0,0,0,0,0,"meru:///in_c_path_2_cell_11.mesh",,,,,,,,,,,,,,,,,
"mesh","graphiconly","in_c_path_2_cell_12",,,,-355.91,45.15,63.54,0,0,0,,0,0,0,1,0,0,0,1,1,1,0,0,0,0,0,0,0,0,"meru:///in_c_path_2_cell_12.mesh",,,,,,,,,,,,,,,,,
"mesh","graphiconly","in_c_path_2_cell_13",,,,-337.25,45.8,75.97,0,0,0,,0,0,0,1,0,0,0,1,1,1,0,0,0,0,0,0,0,0,"meru:///in_c_path_2_cell_13.mesh",,,,,,,,,,,,,,,,,
"mesh","graphiconly","in_c_path_2_cell_14",,,,-310.94,48.8,87.9,0,0,0,,0,0,0,1,0,0,0,1,1,1,0,0,0,0,0,0,0,0,"meru:///in_c_path_2_cell_14.mesh",,,,,,,,,,,,,,,,,
"mesh","graphiconly","in_c_path_2_cell_15",,,,-285.43,53.5,96.22,0,0,0,,0,0,0,1,0,0,0,1,1,1,0,0,0,0,0,0,0,0,"meru:///in_c_path_2_cell_15.mesh",,,,,,,,,,,,,,,,,
"mesh","graphiconly","in_c_path_2_cell_16",,,,-267.43,57.9,100.67,0,0,0,,0,0,0,1,0,0,0,1,1,1,0,0,0,0,0,0,0,0,"meru:///in_c_path_2_cell_16.mesh",,,,,,,,,,,,,,,,,
"mesh","graphiconly","in_c_path_2_cell_17",,,,-232.59,67.46,108.34,0,0,0,,0,0,0,1,0,0,0,1,1,1,0,0,0,0,0,0,0,0,"meru:///in_c_path_2_cell_17.mesh",,,,,,,,,,,,,,,,,
"mesh","graphiconly","in_c_path_2_cell_18",,,,-251.24,62.31,104.19,0,0,0,,0,0,0,1,0,0,0,1,1,1,0,0,0,0,0,0,0,0,"meru:///in_c_path_2_cell_18.mesh",,,,,,,,,,,,,,,,,
"mesh","graphiconly","in_c_path_2_cell_19",,,,-214.97,72.23,112.89,0,0,0,,0,0,0,1,0,0,0,1,1,1,0,0,0,0,0,0,0,0,"meru:///in_c_path_2_cell_19.mesh",,,,,,,,,,,,,,,,,
"mesh","graphiconly","in_c_path_2_cell_20",,,,-196.37,76.36,119.71,0,0,0,,0,0,0,1,0,0,0,1,1,1,0,0,0,0,0,0,0,0,"meru:///in_c_path_2_cell_20.mesh",,,,,,,,,,,,,,,,,
"mesh","graphiconly","in_c_path_2_cell_21",,,,-177.76,79.4,128.43,0,0,0,,0,0,0,1,0,0,0,1,1,1,0,0,0,0,0,0,0,0,"meru:///in_c_path_2_cell_21.mesh",,,,,,,,,,,,,,,,,
"mesh","graphiconly","in_c_path_2_cell_22",,,,-156.22,80.28,141.37,0,0,0,,0,0,0,1,0,0,0,1,1,1,0,0,0,0,0,0,0,0,"meru:///in_c_path_2_cell_22.mesh",,,,,,,,,,,,,,,,,
"mesh","graphiconly","in_c_path_2_cell_23",,,,-127.96,79.89,159.53,0,0,0,,0,0,0,1,0,0,0,1,1,1,0,0,0,0,0,0,0,0,"meru:///in_c_path_2_cell_23.mesh",,,,,,,,,,,,,,,,,
"mesh","graphiconly","in_c_path_2_cell_24",,,,-96.67,82.45,177.51,0,0,0,,0,0,0,1,0,0,0,1,1,1,0,0,0,0,0,0,0,0,"meru:///in_c_path_2_cell_24.mesh",,,,,,,,,,,,,,,,,
"mesh","graphiconly","in_c_path_2_cell_25",,,,-65.74,89.56,190.13,0,0,0,,0,0,0,1,0,0,0,1,1,1,0,0,0,0,0,0,0,0,"meru:///in_c_path_2_cell_25.mesh",,,,,,,,,,,,,,,,,
"mesh","graphiconly","in_c_path_2_cell_26",,,,-36.24,97.62,197.01,0,0,0,,0,0,0,1,0,0,0,1,1,1,0,0,0,0,0,0,0,0,"meru:///in_c_path_2_cell_26.mesh",,,,,,,,,,,,,,,,,
"mesh","graphiconly","in_c_path_2_cell_27",,,,-7.91,103.69,201.58,0,0,0,,0,0,0,1,0,0,0,1,1,1,0,0,0,0,0,0,0,0,"meru:///in_c_path_2_cell_27.mesh",,,,,,,,,,,,,,,,,
"mesh","graphiconly","in_c_path_2_cell_28",,,,18.23,106.17,204.58,0,0,0,,0,0,0,1,0,0,0,1,1,1,0,0,0,0,0,0,0,0,"meru:///in_c_path_2_cell_28.mesh",,,,,,,,,,,,,,,,,
"mesh","graphiconly","in_c_path_2_cell_29",,,,37.91,100.27,205.93,0,0,0,,0,0,0,1,0,0,0,1,1,1,0,0,0,0,0,0,0,0,"meru:///in_c_path_2_cell_29.mesh",,,,,,,,,,,,,,,,,
"mesh","graphiconly","in_c_path_2_cell_30",,,,52.79,89.02,205.96,0,0,0,,0,0,0,1,0,0,0,1,1,1,0,0,0,0,0,0,0,0,"meru:///in_c_path_2_cell_30.mesh",,,,,,,,,,,,,,,,,
"mesh","graphiconly","in_c_path_2_cell_31",,,,69.99,85.88,205.11,0,0,0,,0,0,0,1,0,0,0,1,1,1,0,0,0,0,0,0,0,0,"meru:///in_c_path_2_cell_31.mesh",,,,,,,,,,,,,,,,,
"mesh","graphiconly","in_c_path_2_cell_32",,,,92.41,87.48,201.82,0,0,0,,0,0,0,1,0,0,0,1,1,1,0,0,0,0,0,0,0,0,"meru:///in_c_path_2_cell_32.mesh",,,,,,,,,,,,,,,,,
"mesh","graphiconly","in_c_path_2_cell_33",,,,112.86,90.2,197.31,0,0,0,,0,0,0,1,0,0,0,1,1,1,0,0,0,0,0,0,0,0,"meru:///in_c_path_2_cell_33.mesh",,,,,,,,,,,,,,,,,
"mesh","graphiconly","in_c_path_2_cell_34",,,,126.27,92.26,193.38,0,0,0,,0,0,0,1,0,0,0,1,1,1,0,0,0,0,0,0,0,0,"meru:///in_c_path_2_cell_34.mesh",,,,,,,,,,,,,,,,,
"mesh","graphiconly","in_c_path_2_cell_35",,,,183.61,86.57,170.51,0,0,0,,0,0,0,1,0,0,0,1,1,1,0,0,0,0,0,0,0,0,"meru:///in_c_path_2_cell_35.mesh",,,,,,,,,,,,,,,,,
"mesh","graphiconly","in_c_path_2_cell_36",,,,239.76,78.8,145.49,0,0,0,,0,0,0,1,0,0,0,1,1,1,0,0,0,0,0,0,0,0,"meru:///in_c_path_2_cell_36.mesh",,,,,,,,,,,,,,,,,
"mesh","graphiconly","in_c_path_2_cell_37",,,,251.65,76.79,138.98,0,0,0,,0,0,0,1,0,0,0,1,1,1,0,0,0,0,0,0,0,0,"meru:///in_c_path_2_cell_37.mesh",,,,,,,,,,,,,,,,,
"mesh","graphiconly","in_c_path_2_cell_38",,,,261.3,74.74,133.08,0,0,0,,0,0,0,1,0,0,0,1,1,1,0,0,0,0,0,0,0,0,"meru:///in_c_path_2_cell_38.mesh",,,,,,,,,,,,,,,,,
"mesh","graphiconly","in_c_path_2_cell_39",,,,272.91,71.88,125.41,0,0,0,,0,0,0,1,0,0,0,1,1,1,0,0,0,0,0,0,0,0,"meru:///in_c_path_2_cell_39.mesh",,,,,,,,,,,,,,,,,
"mesh","graphiconly","in_c_path_2_cell_40",,,,283.7,68.96,117.71,0,0,0,,0,0,0,1,0,0,0,1,1,1,0,0,0,0,0,0,0,0,"meru:///in_c_path_2_cell_40.mesh",,,,,,,,,,,,,,,,,
"mesh","graphiconly","in_c_path_2_cell_41",,,,291.9,66.53,111.48,0,0,0,,0,0,0,1,0,0,0,1,1,1,0,0,0,0,0,0,0,0,"meru:///in_c_path_2_cell_41.mesh",,,,,,,,,,,,,,,,,
"mesh","graphiconly","in_c_path_2_cell_42",,,,308.62,60.77,98.56,0,0,0,,0,0,0,1,0,0,0,1,1,1,0,0,0,0,0,0,0,0,"meru:///in_c_path_2_cell_42.mesh",,,,,,,,,,,,,,,,,
"mesh","graphiconly","in_c_path_2_cell_43",,,,329.45,53.17,82.12,0,0,0,,0,0,0,1,0,0,0,1,1,1,0,0,0,0,0,0,0,0,"meru:///in_c_path_2_cell_43.mesh",,,,,,,,,,,,,,,,,
"mesh","graphiconly","in_c_path_2_cell_44",,,,344.52,47.78,70.01,0,0,0,,0,0,0,1,0,0,0,1,1,1,0,0,0,0,0,0,0,0,"meru:///in_c_path_2_cell_44.mesh",,,,,,,,,,,,,,,,,
"mesh","graphiconly","in_c_path_2_cell_45",,,,357.24,43.78,59.86,0,0,0,,0,0,0,1,0,0,0,1,1,1,0,0,0,0,0,0,0,0,"meru:///in_c_path_2_cell_45.mesh",,,,,,,,,,,,,,,,,
"mesh","graphiconly","in_c_path_2_cell_46",,,,378.39,39.14,43.16,0,0,0,,0,0,0,1,0,0,0,1,1,1,0,0,0,0,0,0,0,0,"meru:///in_c_path_2_cell_46.mesh",,,,,,,,,,,,,,,,,
"mesh","graphiconly","in_c_path_2_cell_47",,,,398.5,35.6,26.58,0,0,0,,0,0,0,1,0,0,0,1,1,1,0,0,0,0,0,0,0,0,"meru:///in_c_path_2_cell_47.mesh",,,,,,,,,,,,,,,,,
"mesh","graphiconly","in_c_path_2_cell_48",,,,414.02,34.4,11.94,0,0,0,,0,0,0,1,0,0,0,1,1,1,0,0,0,0,0,0,0,0,"meru:///in_c_path_2_cell_48.mesh",,,,,,,,,,,,,,,,,
"mesh","graphiconly","in_c_path_2_cell_49",,,,429.65,33.87,-4.68,0,0,0,,0,0,0,1,0,0,0,1,1,1,0,0,0,0,0,0,0,0,"meru:///in_c_path_2_cell_49.mesh",,,,,,,,,,,,,,,,,
"mesh","graphiconly","in_c_path_2_cell_50",,,,438.22,34.12,-15.35,0,0,0,,0,0,0,1,0,0,0,1,1,1,0,0,0,0,0,0,0,0,"meru:///in_c_path_2_cell_50.mesh",,,,,,,,,,,,,,,,,
"mesh","graphiconly","in_c_path_2_cell_51",,,,445.34,34.52,-25.22,0,0,0,,0,0,0,1,0,0,0,1,1,1,0,0,0,0,0,0,0,0,"meru:///in_c_path_2_cell_51.mesh",,,,,,,,,,,,,,,,,
"mesh","graphiconly","in_c_path_2_cell_52",,,,452.24,34.93,-35.74,0,0,0,,0,0,0,1,0,0,0,1,1,1,0,0,0,0,0,0,0,0,"meru:///in_c_path_2_cell_52.mesh",,,,,,,,,,,,,,,,,
"mesh","graphiconly","in_c_path_2_cell_53",,,,477.65,32.85,-97.93,0,0,0,,0,0,0,1,0,0,0,1,1,1,0,0,0,0,0,0,0,0,"meru:///in_c_path_2_cell_53.mesh",,,,,,,,,,,,,,,,,
"mesh","graphiconly","in_c_path_2_phy",,,,0,0,0,0,0,0,,0,0,0,1,0,0,0,1,1,1,0,0,0,0,0,0,0,0,"meru:///in_c_path_2_phy.mesh",,,,,,,,,,,,,,,,,
"mesh","graphiconly","in_c_path_3_cell_01",,,,-462.27,5.63,-145.82,0,0,0,,0,0,0,1,0,0,0,1,1,1,0,0,0,0,0,0,0,0,"meru:///in_c_path_3_cell_01.mesh",,,,,,,,,,,,,,,,,
"mesh","graphiconly","in_c_path_3_cell_02",,,,-461.22,5.65,-131.16,0,0,0,,0,0,0,1,0,0,0,1,1,1,0,0,0,0,0,0,0,0,"meru:///in_c_path_3_cell_02.mesh",,,,,,,,,,,,,,,,,
"mesh","graphiconly","in_c_path_3_cell_03",,,,-460.07,6.11,-117.06,0,0,0,,0,0,0,1,0,0,0,1,1,1,0,0,0,0,0,0,0,0,"meru:///in_c_path_3_cell_03.mesh",,,,,,,,,,,,,,,,,
"mesh","graphiconly","in_c_path_3_cell_04",,,,-458.62,7.76,-101.92,0,0,0,,0,0,0,1,0,0,0,1,1,1,0,0,0,0,0,0,0,0,"meru:///in_c_path_3_cell_04.mesh",,,,,,,,,,,,,,,,,
"mesh","graphiconly","in_c_path_3_cell_05",,,,-456.81,10.7,-86.47,0,0,0,,0,0,0,1,0,0,0,1,1,1,0,0,0,0,0,0,0,0,"meru:///in_c_path_3_cell_05.mesh",,,,,,,,,,,,,,,,,
"mesh","graphiconly","in_c_path_3_cell_06",,,,-451.98,17.88,-64.15,0,0,0,,0,0,0,1,0,0,0,1,1,1,0,0,0,0,0,0,0,0,"meru:///in_c_path_3_cell_06.mesh",,,,,,,,,,,,,,,,,
"mesh","graphiconly","in_c_path_3_cell_07",,,,-439.76,32.58,-30.86,0,0,0,,0,0,0,1,0,0,0,1,1,1,0,0,0,0,0,0,0,0,"meru:///in_c_path_3_cell_07.mesh",,,,,,,,,,,,,,,,,
"mesh","graphiconly","in_c_path_3_cell_08",,,,-416.87,51.12,-0.22,0,0,0,,0,0,0,1,0,0,0,1,1,1,0,0,0,0,0,0,0,0,"meru:///in_c_path_3_cell_08.mesh",,,,,,,,,,,,,,,,,
"mesh","graphiconly","in_c_path_3_cell_09",,,,-391.92,65.6,20.29,0,0,0,,0,0,0,1,0,0,0,1,1,1,0,0,0,0,0,0,0,0,"meru:///in_c_path_3_cell_09.mesh",,,,,,,,,,,,,,,,,
"mesh","graphiconly","in_c_path_3_cell_10",,,,-375.91,72.97,32.71,0,0,0,,0,0,0,1,0,0,0,1,1,1,0,0,0,0,0,0,0,0,"meru:///in_c_path_3_cell_10.mesh",,,,,,,,,,,,,,,,,
"mesh","graphiconly","in_c_path_3_cell_11",,,,-362.21,76.74,42.23,0,0,0,,0,0,0,1,0,0,0,1,1,1,0,0,0,0,0,0,0,0,"meru:///in_c_path_3_cell_11.mesh",,,,,,,,,,,,,,,,,
"mesh","graphiconly","in_c_path_3_cell_12",,,,-347,79.45,54.26,0,0,0,,0,0,0,1,0,0,0,1,1,1,0,0,0,0,0,0,0,0,"meru:///in_c_path_3_cell_12.mesh",,,,,,,,,,,,,,,,,
"mesh","graphiconly","in_c_path_3_cell_13",,,,-331.94,81.56,72.53,0,0,0,,0,0,0,1,0,0,0,1,1,1,0,0,0,0,0,0,0,0,"meru:///in_c_path_3_cell_13.mesh",,,,,,,,,,,,,,,,,
"mesh","graphiconly","in_c_path_3_cell_14",,,,-314.97,82.15,96.99,0,0,0,,0,0,0,1,0,0,0,1,1,1,0,0,0,0,0,0,0,0,"meru:///in_c_path_3_cell_14.mesh",,,,,,,,,,,,,,,,,
"mesh","graphiconly","in_c_path_3_cell_15",,,,-296.96,80.68,116.07,0,0,0,,0,0,0,1,0,0,0,1,1,1,0,0,0,0,0,0,0,0,"meru:///in_c_path_3_cell_15.mesh",,,,,,,,,,,,,,,,,
"mesh","graphiconly","in_c_path_3_cell_16",,,,-281.83,78.38,127.24,0,0,0,,0,0,0,1,0,0,0,1,1,1,0,0,0,0,0,0,0,0,"meru:///in_c_path_3_cell_16.mesh",,,,,,,,,,,,,,,,,
"mesh","graphiconly","in_c_path_3_cell_17",,,,-270.83,75.62,140.83,0,0,0,,0,0,0,1,0,0,0,1,1,1,0,0,0,0,0,0,0,0,"meru:///in_c_path_3_cell_17.mesh",,,,,,,,,,,,,,,,,
"mesh","graphiconly","in_c_path_3_cell_18",,,,-259.32,72,158.27,0,0,0,,0,0,0,1,0,0,0,1,1,1,0,0,0,0,0,0,0,0,"meru:///in_c_path_3_cell_18.mesh",,,,,,,,,,,,,,,,,
"mesh","graphiconly","in_c_path_3_cell_19",,,,-246.77,68.45,172.33,0,0,0,,0,0,0,1,0,0,0,1,1,1,0,0,0,0,0,0,0,0,"meru:///in_c_path_3_cell_19.mesh",,,,,,,,,,,,,,,,,
"mesh","graphiconly","in_c_path_3_cell_20",,,,-229.46,64.97,183.24,0,0,0,,0,0,0,1,0,0,0,1,1,1,0,0,0,0,0,0,0,0,"meru:///in_c_path_3_cell_20.mesh",,,,,,,,,,,,,,,,,
"mesh","graphiconly","in_c_path_3_cell_21",,,,-208.43,62.02,190.71,0,0,0,,0,0,0,1,0,0,0,1,1,1,0,0,0,0,0,0,0,0,"meru:///in_c_path_3_cell_21.mesh",,,,,,,,,,,,,,,,,
"mesh","graphiconly","in_c_path_3_cell_22",,,,-181.23,59.82,195.63,0,0,0,,0,0,0,1,0,0,0,1,1,1,0,0,0,0,0,0,0,0,"meru:///in_c_path_3_cell_22.mesh",,,,,,,,,,,,,,,,,
"mesh","graphiconly","in_c_path_3_cell_23",,,,-143.79,60.45,200.46,0,0,0,,0,0,0,1,0,0,0,1,1,1,0,0,0,0,0,0,0,0,"meru:///in_c_path_3_cell_23.mesh",,,,,,,,,,,,,,,,,
"mesh","graphiconly","in_c_path_3_cell_24",,,,-105.48,68.74,204.88,0,0,0,,0,0,0,1,0,0,0,1,1,1,0,0,0,0,0,0,0,0,"meru:///in_c_path_3_cell_24.mesh",,,,,,,,,,,,,,,,,
"mesh","graphiconly","in_c_path_3_cell_25",,,,-70.56,82.22,210.27,0,0,0,,0,0,0,1,0,0,0,1,1,1,0,0,0,0,0,0,0,0,"meru:///in_c_path_3_cell_25.mesh",,,,,,,,,,,,,,,,,
"mesh","graphiconly","in_c_path_3_cell_26",,,,-39.24,93.56,216.37,0,0,0,,0,0,0,1,0,0,0,1,1,1,0,0,0,0,0,0,0,0,"meru:///in_c_path_3_cell_26.mesh",,,,,,,,,,,,,,,,,
"mesh","graphiconly","in_c_path_3_cell_27",,,,-9.82,101.57,221.81,0,0,0,,0,0,0,1,0,0,0,1,1,1,0,0,0,0,0,0,0,0,"meru:///in_c_path_3_cell_27.mesh",,,,,,,,,,,,,,,,,
"mesh","graphiconly","in_c_path_3_cell_28",,,,16.93,105.29,224.69,0,0,0,,0,0,0,1,0,0,0,1,1,1,0,0,0,0,0,0,0,0,"meru:///in_c_path_3_cell_28.mesh",,,,,,,,,,,,,,,,,
"mesh","graphiconly","in_c_path_3_cell_29",,,,38.08,102.08,227.02,0,0,0,,0,0,0,1,0,0,0,1,1,1,0,0,0,0,0,0,0,0,"meru:///in_c_path_3_cell_29.mesh",,,,,,,,,,,,,,,,,
"mesh","graphiconly","in_c_path_3_cell_30",,,,54.27,94.01,229.48,0,0,0,,0,0,0,1,0,0,0,1,1,1,0,0,0,0,0,0,0,0,"meru:///in_c_path_3_cell_30.mesh",,,,,,,,,,,,,,,,,
"mesh","graphiconly","in_c_path_3_cell_31",,,,72.5,90.16,229.71,0,0,0,,0,0,0,1,0,0,0,1,1,1,0,0,0,0,0,0,0,0,"meru:///in_c_path_3_cell_31.mesh",,,,,,,,,,,,,,,,,
"mesh","graphiconly","in_c_path_3_cell_32",,,,96.58,90.55,226.79,0,0,0,,0,0,0,1,0,0,0,1,1,1,0,0,0,0,0,0,0,0,"meru:///in_c_path_3_cell_32.mesh",,,,,,,,,,,,,,,,,
"mesh","graphiconly","in_c_path_3_cell_33",,,,118.38,91.61,222.57,0,0,0,,0,0,0,1,0,0,0,1,1,1,0,0,0,0,0,0,0,0,"meru:///in_c_path_3_cell_33.mesh",,,,,,,,,,,,,,,,,
"mesh","graphiconly","in_c_path_3_cell_34",,,,132.72,92.47,219.45,0,0,0,,0,0,0,1,0,0,0,1,1,1,0,0,0,0,0,0,0,0,"meru:///in_c_path_3_cell_34.mesh",,,,,,,,,,,,,,,,,
"mesh","graphiconly","in_c_path_3_cell_35",,,,193.93,88.58,200.82,0,0,0,,0,0,0,1,0,0,0,1,1,1,0,0,0,0,0,0,0,0,"meru:///in_c_path_3_cell_35.mesh",,,,,,,,,,,,,,,,,
"mesh","graphiconly","in_c_path_3_cell_36",,,,253.66,86.67,179.52,0,0,0,,0,0,0,1,0,0,0,1,1,1,0,0,0,0,0,0,0,0,"meru:///in_c_path_3_cell_36.mesh",,,,,,,,,,,,,,,,,
"mesh","graphiconly","in_c_path_3_cell_37",,,,264.48,91.39,172.74,0,0,0,,0,0,0,1,0,0,0,1,1,1,0,0,0,0,0,0,0,0,"meru:///in_c_path_3_cell_37.mesh",,,,,,,,,,,,,,,,,
"mesh","graphiconly","in_c_path_3_cell_38",,,,274.1,95.42,165.81,0,0,0,,0,0,0,1,0,0,0,1,1,1,0,0,0,0,0,0,0,0,"meru:///in_c_path_3_cell_38.mesh",,,,,,,,,,,,,,,,,
"mesh","graphiconly","in_c_path_3_cell_39",,,,285.24,100.86,155.99,0,0,0,,0,0,0,1,0,0,0,1,1,1,0,0,0,0,0,0,0,0,"meru:///in_c_path_3_cell_39.mesh",,,,,,,,,,,,,,,,,
"mesh","graphiconly","in_c_path_3_cell_40",,,,295.79,104.02,144.03,0,0,0,,0,0,0,1,0,0,0,1,1,1,0,0,0,0,0,0,0,0,"meru:///in_c_path_3_cell_40.mesh",,,,,,,,,,,,,,,,,
"mesh","graphiconly","in_c_path_3_cell_41",,,,303.57,104.33,133.47,0,0,0,,0,0,0,1,0,0,0,1,1,1,0,0,0,0,0,0,0,0,"meru:///in_c_path_3_cell_41.mesh",,,,,,,,,,,,,,,,,
"mesh","graphiconly","in_c_path_3_cell_42",,,,315.27,99.56,111.2,0,0,0,,0,0,0,1,0,0,0,1,1,1,0,0,0,0,0,0,0,0,"meru:///in_c_path_3_cell_42.mesh",,,,,,,,,,,,,,,,,
"mesh","graphiconly","in_c_path_3_cell_43",,,,327.26,91.21,82.73,0,0,0,,0,0,0,1,0,0,0,1,1,1,0,0,0,0,0,0,0,0,"meru:///in_c_path_3_cell_43.mesh",,,,,,,,,,,,,,,,,
"mesh","graphiconly","in_c_path_3_cell_44",,,,334.39,85.46,61.66,0,0,0,,0,0,0,1,0,0,0,1,1,1,0,0,0,0,0,0,0,0,"meru:///in_c_path_3_cell_44.mesh",,,,,,,,,,,,,,,,,
"mesh","graphiconly","in_c_path_3_cell_45",,,,340.79,80.66,44.77,0,0,0,,0,0,0,1,0,0,0,1,1,1,0,0,0,0,0,0,0,0,"meru:///in_c_path_3_cell_45.mesh",,,,,,,,,,,,,,,,,
"mesh","graphiconly","in_c_path_3_cell_46",,,,354.67,72.93,22.31,0,0,0,,0,0,0,1,0,0,0,1,1,1,0,0,0,0,0,0,0,0,"meru:///in_c_path_3_cell_46.mesh",,,,,,,,,,,,,,,,,
"mesh","graphiconly","in_c_path_3_cell_47",,,,369.89,65.49,2.41,0,0,0,,0,0,0,1,0,0,0,1,1,1,0,0,0,0,0,0,0,0,"meru:///in_c_path_3_cell_47.mesh",,,,,,,,,,,,,,,,,
"mesh","graphiconly","in_c_path_3_cell_48",,,,386.5,59.31,-10.89,0,0,0,,0,0,0,1,0,0,0,1,1,1,0,0,0,0,0,0,0,0,"meru:///in_c_path_3_cell_48.mesh",,,,,,,,,,,,,,,,,
"mesh","graphiconly","in_c_path_3_cell_49",,,,405.16,52.66,-24.52,0,0,0,,0,0,0,1,0,0,0,1,1,1,0,0,0,0,0,0,0,0,"meru:///in_c_path_3_cell_49.mesh",,,,,,,,,,,,,,,,,
"mesh","graphiconly","in_c_path_3_cell_50",,,,416.59,48.6,-32.81,0,0,0,,0,0,0,1,0,0,0,1,1,1,0,0,0,0,0,0,0,0,"meru:///in_c_path_3_cell_50.mesh",,,,,,,,,,,,,,,,,
"mesh","graphiconly","in_c_path_3_cell_51",,,,425.63,44.85,-40.16,0,0,0,,0,0,0,1,0,0,0,1,1,1,0,0,0,0,0,0,0,0,"meru:///in_c_path_3_cell_51.mesh",,,,,,,,,,,,,,,,,
"mesh","graphiconly","in_c_path_3_cell_52",,,,434.18,41.23,-48.64,0,0,0,,0,0,0,1,0,0,0,1,1,1,0,0,0,0,0,0,0,0,"meru:///in_c_path_3_cell_52.mesh",,,,,,,,,,,,,,,,,
"mesh","graphiconly","in_c_path_3_cell_53",,,,459.37,35.76,-105.92,0,0,0,,0,0,0,1,0,0,0,1,1,1,0,0,0,0,0,0,0,0,"meru:///in_c_path_3_cell_53.mesh",,,,,,,,,,,,,,,,,
"mesh","graphiconly","in_c_path_3_phy",,,,0,0,0,0,0,0,,0,0,0,1,0,0,0,1,1,1,0,0,0,0,0,0,0,0,"meru:///in_c_path_3_phy.mesh",,,,,,,,,,,,,,,,,
"mesh","graphiconly","pipe_collar_01",,,,-46.63,128.83,-55.17,0,0,0,,0,0,0,1,0,0,0,1,1,1,0,0,0,0,0,0,0,0,"meru:///pipe_collar_01.mesh",,,,,,,,,,,,,,,,,
"mesh","graphiconly","pipe_collar_02",,,,-0.07,214.35,-68.56,0,0,0,,0,0,0,1,0,0,0,1,1,1,0,0,0,0,0,0,0,0,"meru:///pipe_collar_02.mesh",,,,,,,,,,,,,,,,,
"mesh","graphiconly","pipe_med_01",,,,0,109.58,-54.73,0,0,0,,0,0,0,1,0,0,0,1,1,1,0,0,0,0,0,0,0,0,"meru:///pipe_med_01.mesh",,,,,,,,,,,,,,,,,
"mesh","graphiconly","pipe_med_02",,,,0,109.58,-54.73,0,0,0,,0,0,0,1,0,0,0,1,1,1,0,0,0,0,0,0,0,0,"meru:///pipe_med_02.mesh",,,,,,,,,,,,,,,,,
"mesh","graphiconly","pipe_med_03",,,,10.48,135.2,-84.54,0,0,0,,0,0,0,1,0,0,0,1,1,1,0,0,0,0,0,0,0,0,"meru:///pipe_med_03.mesh",,,,,,,,,,,,,,,,,
"mesh","graphiconly","pipe_med_04",,,,14.83,62.85,-82.55,0,0,0,,0,0,0,1,0,0,0,1,1,1,0,0,0,0,0,0,0,0,"meru:///pipe_med_04.mesh",,,,,,,,,,,,,,,,,
"mesh","graphiconly","pipe_piece",,,,-46.4,102.64,-54.67,0,0,0,,0,0,0,1,0,0,0,1,1,1,0,0,0,0,0,0,0,0,"meru:///pipe_piece.mesh",,,,,,,,,,,,,,,,,
"mesh","graphiconly","sky_double_mito_gloomy_01_b_ddm",,,,0,0,0,0,0,0,,0,0,0,1,0,0,0,1,1,1,0,0,0,0,0,0,0,0,"meru:///sky_double_mito_gloomy_01_b_ddm.mesh",,,,,,,,,,,,,,,,,
"mesh","graphiconly","surreal_tree_02_02",,,,-909.76,15.14,-200.38,0,0,0,,0,0,0,1,0,0,0,1,1,1,0,0,0,0,0,0,0,0,"meru:///surreal_tree_02_02.mesh",,,,,,,,,,,,,,,,,
"mesh","graphiconly","surreal_tree_02_03",,,,-876.98,15.14,-205.24,0,0,0,,0,0,0,1,0,0,0,1,1,1,0,0,0,0,0,0,0,0,"meru:///surreal_tree_02_03.mesh",,,,,,,,,,,,,,,,,
"mesh","graphiconly","surreal_tree_02_04",,,,-412.44,115.89,-375.31,0,0,0,,0,0,0,1,0,0,0,1,1,1,0,0,0,0,0,0,0,0,"meru:///surreal_tree_02_04.mesh",,,,,,,,,,,,,,,,,
"mesh","graphiconly","surreal_tree_02_loft_merged",,,,-894.06,15.14,-189.4,0,0,0,,0,0,0,1,0,0,0,1,1,1,0,0,0,0,0,0,0,0,"meru:///surreal_tree_02_loft_merged.mesh",,,,,,,,,,,,,,,,,
"mesh","graphiconly","surreal_tree_03_bend_and_twist",,,,-904.7,-16.1,-490.73,0,0,0,,0,0,0,1,0,0,0,1,1,1,0,0,0,0,0,0,0,0,"meru:///surreal_tree_03_bend_and_twist.mesh",,,,,,,,,,,,,,,,,
"mesh","graphiconly","surreal_treebranch_01_01",,,,-831.56,-162.63,-94.69,0,0,0,,0,0,0,1,0,0,0,1,1,1,0,0,0,0,0,0,0,0,"meru:///surreal_treebranch_01_01.mesh",,,,,,,,,,,,,,,,,
"mesh","graphiconly","surreal_treebranch_01_02",,,,-870.85,-156.87,-128.64,0,0,0,,0,0,0,1,0,0,0,1,1,1,0,0,0,0,0,0,0,0,"meru:///surreal_treebranch_01_02.mesh",,,,,,,,,,,,,,,,,
"mesh","graphiconly","surreal_treebranch_01_03",,,,-891.88,-153.78,-102.29,0,0,0,,0,0,0,1,0,0,0,1,1,1,0,0,0,0,0,0,0,0,"meru:///surreal_treebranch_01_03.mesh",,,,,,,,,,,,,,,,,
"mesh","graphiconly","surreal_treebranch_01_04",,,,-976.24,-165.26,-99.25,0,0,0,,0,0,0,1,0,0,0,1,1,1,0,0,0,0,0,0,0,0,"meru:///surreal_treebranch_01_04.mesh",,,,,,,,,,,,,,,,,
"mesh","graphiconly","surreal_treebranch_01_05",,,,-13.95,249.69,-65.14,0,0,0,,0,0,0,1,0,0,0,1,1,1,0,0,0,0,0,0,0,0,"meru:///surreal_treebranch_01_05.mesh",,,,,,,,,,,,,,,,,
"mesh","graphiconly","surreal_treebranch_01_06",,,,-420.4,110.03,-369.75,0,0,0,,0,0,0,1,0,0,0,1,1,1,0,0,0,0,0,0,0,0,"meru:///surreal_treebranch_01_06.mesh",,,,,,,,,,,,,,,,,
"mesh","graphiconly","surreal_treebranch_01_07",,,,-189.42,-15.85,154.52,0,0,0,,0,0,0,1,0,0,0,1,1,1,0,0,0,0,0,0,0,0,"meru:///surreal_treebranch_01_07.mesh",,,,,,,,,,,,,,,,,
"mesh","graphiconly","surreal_treebranch_01_08",,,,281.16,-23.09,115.66,0,0,0,,0,0,0,1,0,0,0,1,1,1,0,0,0,0,0,0,0,0,"meru:///surreal_treebranch_01_08.mesh",,,,,,,,,,,,,,,,,
"mesh","graphiconly","surreal_treebranch_01_09",,,,272.79,-24.42,120.66,0,0,0,,0,0,0,1,0,0,0,1,1,1,0,0,0,0,0,0,0,0,"meru:///surreal_treebranch_01_09.mesh",,,,,,,,,,,,,,,,,
"mesh","graphiconly","surreal_treebranch_01_10",,,,-185.94,-13.24,150.74,0,0,0,,0,0,0,1,0,0,0,1,1,1,0,0,0,0,0,0,0,0,"meru:///surreal_treebranch_01_10.mesh",,,,,,,,,,,,,,,,,
"mesh","graphiconly","surreal_treebranch_01_11",,,,285.69,-22.56,116.52,0,0,0,,0,0,0,1,0,0,0,1,1,1,0,0,0,0,0,0,0,0,"meru:///surreal_treebranch_01_11.mesh",,,,,,,,,,,,,,,,,
"mesh","graphiconly","surreal_treebranch_01_12",,,,829.95,227.54,284.72,0,0,0,,0,0,0,1,0,0,0,1,1,1,0,0,0,0,0,0,0,0,"meru:///surreal_treebranch_01_12.mesh",,,,,,,,,,,,,,,,,
"mesh","graphiconly","surreal_treebranch_01_13",,,,-379.73,16.56,243.05,0,0,0,,0,0,0,1,0,0,0,1,1,1,0,0,0,0,0,0,0,0,"meru:///surreal_treebranch_01_13.mesh",,,,,,,,,,,,,,,,,
"mesh","graphiconly","surreal_treebranch_01_14",,,,-35.21,-26.4,-152.48,0,0,0,,0,0,0,1,0,0,0,1,1,1,0,0,0,0,0,0,0,0,"meru:///surreal_treebranch_01_14.mesh",,,,,,,,,,,,,,,,,
"mesh","graphiconly","surreal_treebranch_03_01",,,,-703.11,-176.81,-116.41,0,0,0,,0,0,0,1,0,0,0,1,1,1,0,0,0,0,0,0,0,0,"meru:///surreal_treebranch_03_01.mesh",,,,,,,,,,,,,,,,,
"mesh","graphiconly","surreal_treebranch_03_02",,,,-684.22,-172.48,-109.11,0,0,0,,0,0,0,1,0,0,0,1,1,1,0,0,0,0,0,0,0,0,"meru:///surreal_treebranch_03_02.mesh",,,,,,,,,,,,,,,,,
"mesh","graphiconly","surreal_treebranch_03_03",,,,-641.98,-174.16,-74.57,0,0,0,,0,0,0,1,0,0,0,1,1,1,0,0,0,0,0,0,0,0,"meru:///surreal_treebranch_03_03.mesh",,,,,,,,,,,,,,,,,
"mesh","graphiconly","surreal_treebranch_03_04",,,,-409.21,108.51,-378.24,0,0,0,,0,0,0,1,0,0,0,1,1,1,0,0,0,0,0,0,0,0,"meru:///surreal_treebranch_03_04.mesh",,,,,,,,,,,,,,,,,
"mesh","graphiconly","surreal_treebranch_03_05",,,,-412.99,108.51,-377.91,0,0,0,,0,0,0,1,0,0,0,1,1,1,0,0,0,0,0,0,0,0,"meru:///surreal_treebranch_03_05.mesh",,,,,,,,,,,,,,,,,
"mesh","graphiconly","surreal_treebranch_03_06",,,,287.64,39.1,129.73,0,0,0,,0,0,0,1,0,0,0,1,1,1,0,0,0,0,0,0,0,0,"meru:///surreal_treebranch_03_06.mesh",,,,,,,,,,,,,,,,,
"mesh","graphiconly","surreal_treebranch_03_07",,,,-177.74,-13.75,150.95,0,0,0,,0,0,0,1,0,0,0,1,1,1,0,0,0,0,0,0,0,0,"meru:///surreal_treebranch_03_07.mesh",,,,,,,,,,,,,,,,,
"mesh","graphiconly","surreal_treebranch_03_08",,,,-176.6,-13.87,154.13,0,0,0,,0,0,0,1,0,0,0,1,1,1,0,0,0,0,0,0,0,0,"meru:///surreal_treebranch_03_08.mesh",,,,,,,,,,,,,,,,,
"mesh","graphiconly","wall_test_01",,,,0.53,126.35,-43.19,0,0,0,,0,0,0,1,0,0,0,1,1,1,0,0,0,0,0,0,0,0,"meru:///wall_test_01.mesh",,,,,,,,,,,,,,,,,
"mesh","graphiconly","wall_unit_a_03",,,,0,53.54,-69.02,0,0,0,,0,0,0,1,0,0,0,1,1,1,0,0,0,0,0,0,0,0,"meru:///wall_unit_a_03.mesh",,,,,,,,,,,,,,,,,
"mesh","graphiconly","wall_unit_a_11",,,,0,75.32,-69.02,0,0,0,,0,0,0,1,0,0,0,1,1,1,0,0,0,0,0,0,0,0,"meru:///wall_unit_a_11.mesh",,,,,,,,,,,,,,,,,
